{
    "title": "Algorithm Plugin Output Arguments",
    "description": "A schema for algorithm plugin output arguments",
    "type": "object",
    "required": [
        "sensitive_feature",
        "output_classes",
        "results"
    ],
    "properties": {
        "sensitive_feature": {
            "description": "Array of sensitive feature names",
            "type": "array",
            "minItems": 1,
            "items": {
                "type": "string"
            }
        },
        "output_classes": {
            "description": "Array of output classes",
            "type": "array",
            "minItems": 1,
            "items": {
                "type": [
                    "string",
                    "number",
                    "integer",
                    "boolean"
                ]
            }
        },
        "results": {
            "description": "Array of metrics by output classes (# output classes)",
            "type": "array",
            "minItems": 1,
            "items": {
                "type": "object",
                "description": "Dictionary of metric values by group",
                "required": [
                    "True Positive Rate",
                    "True Negative Rate",
                    "Positive Predictive Value Parity",
                    "Negative Predictive Value Parity",
                    "False Positive Rate",
                    "False Negative Rate",
                    "False Discovery Rate",
                    "False Omission Rate",
                    "Equal Selection Parity",
                    "Disparate Impact"
                ],
                "properties": {
                    "True Positive Rate": {
                        "$ref": "#/$defs/metric"
                    },
                    "True Negative Rate": {
                        "$ref": "#/$defs/metric"
                    },
                    "Positive Predictive Value Parity": {
                        "$ref": "#/$defs/metric"
                    },
                    "Negative Predictive Value Parity": {
                        "$ref": "#/$defs/metric"
                    },
                    "False Positive Rate": {
                        "$ref": "#/$defs/metric"
                    },
                    "False Negative Rate": {
                        "$ref": "#/$defs/metric"
                    },
                    "False Discovery Rate": {
                        "$ref": "#/$defs/metric"
                    },
                    "False Omission Rate": {
                        "$ref": "#/$defs/metric"
                    },
                    "Equal Selection Parity": {
                        "$ref": "#/$defs/metric2"
                    },
                    "Disparate Impact": {
                        "$ref": "#/$defs/metric2"
                    }
                }
            }
        }
    },
    "$defs": {
        "metric": {
            "description": "Array of metric values for each group, e.g. [{group:[1,2], metric:0.122},...]",
            "type": "array",
            "items": {
                "type": "object",
                "required": [
                    "group",
                    "metric"
                ],
                "properties": {
                    "group": {
                        "type": "array",
                        "description": "Array of group values, one value for each feature, .e.g group: [1,4,7]"
                    },
                    "metric": {
                        "type": "number"
                    }
                }
            },
            "minItems": 2
        },
        "metric2": {
            "description": "Array of metric values for each group, e.g. [{group:[1,2], metric:0.122},...]",
            "type": "array",
            "items": {
                "type": "object",
                "required": [
                    "group",
                    "metric"
                ],
                "properties": {
                    "group": {
                        "type": "array",
                        "description": "Array of group values, one value for each feature, .e.g group: [1,4,7]"
                    },
                    "metric": {
                        "type": "number"
                    }
                }
            },
            "minItems": 1
        }
    }
}